genotype,log2vol
Mo44,20.2296347232817
HB8229,18.9171291847324
4226,20.4349815498291
LH74,20.2791383516872
Ki3,20.0539633603525
Ki14,19.662949710095
778,20.9135954410699
FBHJ,19.8310941399882
NC304,19.5966817437633
CO106,20.8283543835132
CML157Q,19.8599305505123
W64A,20.1430064848657
H49,20.3318654264551
B37,20.221529984095
MS153,19.8980799357681
Pa762,19.9049178756809
MBNA,20.1386743574531
LH60,18.8673689572862
CI64,19.3592214340025
PHG72,20.0369630277545
B76,19.7753642818116
PHG84,20.0588828243594
B64,18.9039167330431
NC290A,19.5135289155379
EP1,20.5769080404915
CML92,20.2541985097093
4676A,20.4251536195649
CML10,19.8332611916387
M14,19.3573339799565
Pa91,19.92444068895
Va102,19.2082550592416
Mo46,19.6507389832147
LH54,19.3880079068613
NC340,20.1322193792464
CML277,19.3610588329043
A641,20.0150578917161
Va85,20.3835448875858
DE811,19.5915057479378
CMV3,20.5555525323037
CML45,19.460984355721
PHR36,20.7568659400087
H105W,19.8615979302643
78010,20.0936741875747
Tzi16,19.4992231157001
NC356,19.750754516653
Wf9,19.6128501243246
CML220,19.3711618661657
CR1HT,20.6140609813548
A632,19.6130350848145
R4,19.632345510229
NC364,20.0657455170992
38-11,20.1061875340449
LH38,20.0208083957247
F7,21.4385916253659
NC320,19.0856280268191
CML328,20.3032079040717
L578,19.4048568240304
BO9,19.9131726417902
Il14H,19.6038076069556
B97,19.6246269619359
CML247,19.8312558202394
CML322,18.8762340341734
I137TN,20.0008894298624
DE2,19.3033827555609
B77,19.4867195952645
LH82,20.3045415050076
LH208,20.502709904133
R177,19.8854192520597
HP301,19.2120465920869
LH213,19.6704967504014
C49A,20.613509317085
Ki44,19.265212827907
IDS91,19.3769001922111
78371A,19.3885886295761
B14A,19.0407139670864
PHWG5,19.5794416889402
A554,21.205218878068
NC296A,18.989250931185
K4,20.0137421882396
Florida32,20.1316912293155
B73,20.745965220281
CM105,20.1002682566292
SD44,20.1230041410351
793,20.0847977459468
NC338,19.4799025784357
Hi27Goodman-Buckler,20.0788429233921
Yu796_NS,19.4291550482785
NC222,19.1429836334323
I205,19.7986291244139
K55,20.2094367936466
FBLA,19.6673599836269
Mo47,19.8168343250446
PHG83,20.5442134149162
Mo45,19.7671739814502
GA209,20.1843012496287
SD40,20.6028001964234
CI90C,20.3086868858969
ML606,20.2444623323774
NC348,19.1074626902423
CML311,19.2953001103678
LH1,20.6424968123984
Va35,20.0451310840316
B164,20.7109572120964
11430,20.0869023301792
Oh43,19.615947432491
A679,20.5585828470497
NC314,18.8484014400146
N7AGoodman-Buckler,20.1533375889402
A556,19.5238946550306
Tzi25,20.0943236760085
CML154Q,18.8268581450043
NC346,18.936191782161
PHJ40,20.4090347492356
LH39,20.3310978691342
Pa875,19.7992946209669
CI3A,19.766106430081
NC324,21.2617889683702
A635,19.491525343346
Ab28A,20.3611464896336
NC318,19.3246395575207
A680,20.7434477791233
PHG35,20.9321492555246
Tzi11,20.2319475784201
NC262,19.4128457825541
ICI740,20.5806244910212
A634,19.3476528060373
A441-5,19.582609336092
N6,19.8566469180356
A659,20.3346165045927
T234,19.4433341142416
CO125,20.182111293225
CML258,20.7588654720522
CI28A,20.2939172995259
H91,19.5925965311855
D940Y,19.5497382936629
Va26,19.9821283948091
NC358,19.3362681605499
CML254,19.273525774558
CS608,20.37471422548
NC306,20.958690786656
K148,19.0177038430242
78551S,19.668530766722
A239,20.1866531916621
H8431,20.8301828315298
DJ7,20.8318680379804
VaW6,19.6867114487856
SeagullSeventeen,19.7568028254707
B75,20.1350239775308
SA24,19.2701710308857
B109,20.8547476031185
CML91,18.7983500813292
CM37,19.988802559662
A6,20.1923714204245
779,20.7221067162263
CML5,20.2611435265844
PHZ51,20.2266178549646
NC354,19.4738063176481
B2,20.2738453475558
Il677a,21.1569355748086
NQ508,19.8415867122646
E2558W,19.2639816374482
Ill.Hy,19.756531721034
CML238,19.0545228089523
CML218,20.4033326384016
Sg18,20.0786373252413
Tzi9,19.4043126075261
PHK76,19.766397580367
CML287,19.0463918010478
B103,19.4415712944035
CML264,19.3369695370827
MS71,19.1158362465641
Sg1533,20.188301703381
NC258,19.0088022695695
NC366,19.4451826670646
T8,19.8794480049814
Va22,20.1686170902344
R229,20.726258141084
PHN11,20.2880554670186
PHG71,19.8224637871474
CI31A,19.8150612468833
NC232,19.7484523884283
NC368,20.7439108904094
CO255,21.6716363502397
Va99,19.9623550453832
NC264,19.0639940713565
MDF-13D,19.3392754595216
I29,19.6507485868325
PHG39,19.5741506039441
CML52,18.9388131677377
NC300,20.1338008151601
H99,20.2286872205164
CML323,20.5363072114701
NC250,19.4703564195899
Il101T,20.4803434134438
PB80,20.9982872023079
NC336,19.3480220457595
Tx601,19.4504871780032
CML341,19.8078980387467
HBA1,19.9811789904375
Tzi10,20.7095942014799
B73Htrhm,20.8905386952459
792,20.9199087266258
Pa880,19.8247950713233
NC328,20.8461381093635
NC326,21.1043680222704
207,20.8553914498373
WIL500,19.3763118847695
SC55,20.1227308138411
H95,19.9546866399324
PHH93,19.8902628046501
MQ305,20.3911792869143
Oh40B,19.4418252162752
MoG,19.4829896675812
CI187-2,19.608405846492
PHG86,20.4485763145822
29MIBZ2,20.0000192667064
LP5,21.0111121303272
Mo24W,19.777812898135
IDS28,19.5457818261068
CML108,19.5801565249908
A661,19.7141567835475
GT112,19.4474709725336
W182B,20.5923825384937
NC344,19.5085211608669
CM174,19.7881168228523
Ki21,19.1524558502128
NC238,19.691692040997
KY226,20.0108106250081
CML103,19.7001201264226
L317,19.5209030156344
807,20.7918640726698
T232,20.1590340059379
F42,21.5610662769973
NC294,20.7577828712072
LH51,20.0894406154704
CML261,20.2131905944957
Va59,20.0390899119311
Mo17,19.4114745853469
F6,19.5455615797706
LH57,20.3731855283142
K64,19.0546217074599
Mp339,19.0223680099026
NC342,19.1766694612067
CML158Q,19.9205920918654
CI91BGoodman-Buckler,20.0681939263601
B10,19.1741746037238
M162W,19.7781149343817
Tx303,19.5125147467096
C123,19.4859581140087
B68,18.9759798185446
E8501,20.1540274515975
PHW17,20.0428453632041
CH701-30,20.0485361387614
33-16,20.1016349002991
N192,20.5594019416392
CML14,19.9401106451296
ND246,21.9682027204816
Q381,20.2440027790362
CML11,20.0102174578589
LH146Ht,20.2189330968487
KUI2021,19.7614287186987
U267Y,19.2734559800543
B57,18.7916761701493
W153R,20.5389806055838
NC360,19.6628416453671
PHW43,20.443280866512
KY228,19.7593812920811
Mt42,20.2957251771298
S8324,20.9813245021534
RS710,19.5269258560116
NC302,19.3987030533092
Va17,19.6776580934864
CM7,20.6301923160428
PHW65,20.2174396091672
CML314,19.5259108263639
FR19,20.2001155936954
ZS01250,19.407461679172
C103,19.9901650250462
CML69,19.1831590863642
FAPW,20.0255024702021
LH150,19.7938019683901
B46,19.671426203721
N28Ht,20.4263916431738
NC230,20.2310575666654
Tzi18,20.012315273132
CML61,19.1411894299342
MS1334,18.9310406177105
CS405,21.3379116048851
NC236,19.2337616994704
78004,19.8787129740036
A682,19.2648657173766
B105,20.1712720767006
B84,19.316204267192
W117Ht,20.669302584882
NC296,18.8508788300079
OH7B,20.241894040283
CML228,19.5071903231955
NS501,19.6478946060985
CML333,19.898481858441
NC260,20.1015981202226
W22,20.1864129944209
NC352,19.1162701154355
L127,20.4469998670035
OQ403,20.0572090704643
LP1NRHT,19.5584373554988
NC310,20.7148485150572
Ky21,20.0761879201256
MO1W,20.151952008003
LH52,19.6900295872119
CML332,19.5123485499779
SC213R,19.5042561746623
764,20.6954536025243
CML38,19.2455688869674
2MA22,19.9688438675381
LH143CMS,20.0173103438695
4722,19.3485249408998
P39Goodman-Buckler,21.1580006676533
A214N,19.3598909685149
CML77,20.1850790262095
Ki11,20.1777877228262
CR14,20.5817937362592
Va14,19.5463942674056
2FACC,20.2442570034929
A188,20.3033589607406
H84,19.7095857961119
CI7Goodman-Buckler,19.8291654483961
LH93,19.7395259403873
Tzi8,20.6786820173374
CH9,19.7644981120514
CI21E,20.5108538031103
G80,19.1617241787153
LH85,20.920768586811
DE1,18.7724495300624
A654,19.5478197981217
PHV63,19.8670920062062
MEF156-55-2,20.4354038466233
NC362,19.7709229727291
Os420,20.1931921001426
S8326,20.0354493361361
CI66,19.8733111912043
NS701,21.0581822032252
F2834T,19.9527800304545
B79,19.0526950033425
IDS69,19.3753732961245
IA2132Goodman-Buckler,20.3267716766626
Oh603,20.607315095399
Ia5125B,20.0812808280456
B104,18.8419070528919
A619,19.9927428129515
5707,19.2522978130934
CML331,19.4598938143169
SC357,19.3332758613587
CML321,20.1586357179388
PHT77,20.5321951017552
R109B,20.3611669259183
LH145,20.3997981502525
Mo18W,20.9575745234006
PHG47,20.1645951128538
R168,19.0400615597463
M37W,19.9156266561084
NC33,20.0856051530951
MBST,19.9391813094181
B52,20.4194280474309
PHG50,20.181728285725
F44,20.2137053397846
6F629,20.0606780018172
Oh43E,20.1237031768582
LH123HT,19.9506630979879
Ki43,19.2538990696018
